{"cameraMode":{"drawMode":0,"name":"Shaded","section":"Shading Mode"},"sceneLighting":true,"audioPlay":false,"sceneViewState":{"m_AlwaysRefresh":false,"showFog":true,"showSkybox":true,"showFlares":true,"showImageEffects":true,"showParticleSystems":true,"showVisualEffectGraphs":true,"m_FxEnabled":true},"in2DMode":false,"pivot":{"x":-4.668130397796631,"y":-0.766993522644043,"z":1.344436764717102},"rotation":{"x":-0.2597975432872772,"y":-0.002330732299014926,"z":0.0006098552839830518,"w":-0.9656781554222107},"size":9.204877853393555,"orthographic":false}